-- MySQL dump 10.13  Distrib 8.0.42, for Linux (x86_64)
--
-- Host: localhost    Database: codeigniter4_bd
-- ------------------------------------------------------
-- Server version	8.0.42-0ubuntu0.22.04.1

/*!40101 SET @OLD_CHARACTER_SET_CLIENT=@@CHARACTER_SET_CLIENT */;
/*!40101 SET @OLD_CHARACTER_SET_RESULTS=@@CHARACTER_SET_RESULTS */;
/*!40101 SET @OLD_COLLATION_CONNECTION=@@COLLATION_CONNECTION */;
/*!50503 SET NAMES utf8mb4 */;
/*!40103 SET @OLD_TIME_ZONE=@@TIME_ZONE */;
/*!40103 SET TIME_ZONE='+00:00' */;
/*!40014 SET @OLD_UNIQUE_CHECKS=@@UNIQUE_CHECKS, UNIQUE_CHECKS=0 */;
/*!40014 SET @OLD_FOREIGN_KEY_CHECKS=@@FOREIGN_KEY_CHECKS, FOREIGN_KEY_CHECKS=0 */;
/*!40101 SET @OLD_SQL_MODE=@@SQL_MODE, SQL_MODE='NO_AUTO_VALUE_ON_ZERO' */;
/*!40111 SET @OLD_SQL_NOTES=@@SQL_NOTES, SQL_NOTES=0 */;

--
-- Table structure for table `componente_seguridad`
--

DROP TABLE IF EXISTS `componente_seguridad`;
/*!40101 SET @saved_cs_client     = @@character_set_client */;
/*!50503 SET character_set_client = utf8mb4 */;
CREATE TABLE `componente_seguridad` (
  `ID_Componente` int NOT NULL AUTO_INCREMENT,
  `Tipo` varchar(50) COLLATE utf8mb4_general_ci NOT NULL,
  `Modelo` varchar(50) COLLATE utf8mb4_general_ci NOT NULL,
  `Activo` tinyint(1) NOT NULL,
  `ID_Sistema` int DEFAULT NULL,
  PRIMARY KEY (`ID_Componente`),
  KEY `ID_Sistema` (`ID_Sistema`),
  CONSTRAINT `componente_seguridad_ibfk_1` FOREIGN KEY (`ID_Sistema`) REFERENCES `sistema_seguridad` (`ID_Sistema`)
) ENGINE=InnoDB DEFAULT CHARSET=utf8mb4 COLLATE=utf8mb4_general_ci;
/*!40101 SET character_set_client = @saved_cs_client */;

--
-- Dumping data for table `componente_seguridad`
--

LOCK TABLES `componente_seguridad` WRITE;
/*!40000 ALTER TABLE `componente_seguridad` DISABLE KEYS */;
/*!40000 ALTER TABLE `componente_seguridad` ENABLE KEYS */;
UNLOCK TABLES;

--
-- Table structure for table `movimiento`
--

DROP TABLE IF EXISTS `movimiento`;
/*!40101 SET @saved_cs_client     = @@character_set_client */;
/*!50503 SET character_set_client = utf8mb4 */;
CREATE TABLE `movimiento` (
  `ID_Movimiento` int NOT NULL AUTO_INCREMENT,
  `Fecha_Hora` datetime NOT NULL,
  `Tipo_Movimiento` varchar(50) COLLATE utf8mb4_general_ci NOT NULL,
  `Alarma_Activada` tinyint(1) NOT NULL,
  `ID_Rack` int DEFAULT NULL,
  PRIMARY KEY (`ID_Movimiento`),
  KEY `ID_Rack` (`ID_Rack`),
  CONSTRAINT `movimiento_ibfk_1` FOREIGN KEY (`ID_Rack`) REFERENCES `rack` (`ID_Rack`)
) ENGINE=InnoDB DEFAULT CHARSET=utf8mb4 COLLATE=utf8mb4_general_ci;
/*!40101 SET character_set_client = @saved_cs_client */;

--
-- Dumping data for table `movimiento`
--

LOCK TABLES `movimiento` WRITE;
/*!40000 ALTER TABLE `movimiento` DISABLE KEYS */;
/*!40000 ALTER TABLE `movimiento` ENABLE KEYS */;
UNLOCK TABLES;

--
-- Table structure for table `rack`
--

DROP TABLE IF EXISTS `rack`;
/*!40101 SET @saved_cs_client     = @@character_set_client */;
/*!50503 SET character_set_client = utf8mb4 */;
CREATE TABLE `rack` (
  `ID_Rack` int NOT NULL AUTO_INCREMENT,
  `Ubicacion` varchar(100) COLLATE utf8mb4_general_ci NOT NULL,
  `Estado` tinyint(1) NOT NULL,
  PRIMARY KEY (`ID_Rack`)
) ENGINE=InnoDB AUTO_INCREMENT=2 DEFAULT CHARSET=utf8mb4 COLLATE=utf8mb4_general_ci;
/*!40101 SET character_set_client = @saved_cs_client */;

--
-- Dumping data for table `rack`
--

LOCK TABLES `rack` WRITE;
/*!40000 ALTER TABLE `rack` DISABLE KEYS */;
INSERT INTO `rack` VALUES (1,'Puerto Madero',1);
/*!40000 ALTER TABLE `rack` ENABLE KEYS */;
UNLOCK TABLES;

--
-- Table structure for table `registro_acceso_rf`
--

DROP TABLE IF EXISTS `registro_acceso_rf`;
/*!40101 SET @saved_cs_client     = @@character_set_client */;
/*!50503 SET character_set_client = utf8mb4 */;
CREATE TABLE `registro_acceso_rf` (
  `ID_Acceso` int NOT NULL AUTO_INCREMENT,
  `Fecha_Hora` timestamp NOT NULL DEFAULT CURRENT_TIMESTAMP,
  `Resultado` tinyint(1) DEFAULT NULL,
  `Accion_Tomada` varchar(100) DEFAULT NULL,
  `Archivo_Video` varchar(255) DEFAULT NULL,
  `Ubicacion_Camara` varchar(100) DEFAULT NULL,
  `ID_Sistema` int DEFAULT NULL,
  `ID_Tarjeta` int DEFAULT NULL,
  PRIMARY KEY (`ID_Acceso`)
) ENGINE=InnoDB AUTO_INCREMENT=312 DEFAULT CHARSET=utf8mb3;
/*!40101 SET character_set_client = @saved_cs_client */;

--
-- Dumping data for table `registro_acceso_rf`
--

LOCK TABLES `registro_acceso_rf` WRITE;
/*!40000 ALTER TABLE `registro_acceso_rf` DISABLE KEYS */;
INSERT INTO `registro_acceso_rf` VALUES (85,'2025-06-03 16:20:44',1,NULL,NULL,NULL,NULL,44),(86,'2025-06-03 16:20:49',0,NULL,NULL,NULL,NULL,45),(87,'2025-06-03 16:20:52',1,NULL,NULL,NULL,NULL,42),(88,'2025-06-03 16:20:57',0,NULL,NULL,NULL,NULL,43),(89,'2025-06-03 16:22:57',0,NULL,NULL,NULL,NULL,43),(90,'2025-06-03 16:23:00',1,NULL,NULL,NULL,NULL,44),(91,'2025-06-03 21:53:50',1,NULL,NULL,NULL,NULL,42),(92,'2025-06-03 21:53:55',0,NULL,NULL,NULL,NULL,45),(93,'2025-06-03 21:57:41',0,NULL,NULL,NULL,NULL,45),(94,'2025-06-03 21:57:46',0,NULL,NULL,NULL,NULL,43),(95,'2025-06-03 21:57:49',1,NULL,NULL,NULL,NULL,44),(96,'2025-06-03 21:58:05',1,NULL,NULL,NULL,NULL,44),(97,'2025-06-03 21:58:13',1,NULL,NULL,NULL,NULL,44),(98,'2025-06-03 21:58:44',1,NULL,NULL,NULL,NULL,42),(99,'2025-06-03 21:58:49',1,NULL,NULL,NULL,NULL,44),(100,'2025-06-03 21:58:57',0,NULL,NULL,NULL,NULL,43),(101,'2025-06-03 21:59:02',0,NULL,NULL,NULL,NULL,45),(102,'2025-06-03 21:59:06',1,NULL,NULL,NULL,NULL,44),(103,'2025-06-03 22:15:35',1,NULL,NULL,NULL,NULL,44),(104,'2025-06-03 22:15:39',0,NULL,NULL,NULL,NULL,45),(105,'2025-06-10 16:16:11',1,NULL,NULL,NULL,NULL,44),(106,'2025-06-10 16:16:19',0,NULL,NULL,NULL,NULL,45),(107,'2025-06-10 16:16:23',1,NULL,NULL,NULL,NULL,42),(108,'2025-06-10 16:16:34',0,NULL,NULL,NULL,NULL,43),(109,'2025-06-10 16:16:38',1,NULL,NULL,NULL,NULL,42),(110,'2025-06-10 16:17:00',1,NULL,NULL,NULL,NULL,44),(111,'2025-06-10 16:17:06',1,NULL,NULL,NULL,NULL,42),(112,'2025-06-10 16:17:22',0,NULL,NULL,NULL,NULL,45),(113,'2025-06-10 16:17:27',0,NULL,NULL,NULL,NULL,43),(114,'2025-06-10 16:17:30',1,NULL,NULL,NULL,NULL,42),(115,'2025-06-10 16:18:58',1,NULL,NULL,NULL,NULL,44),(116,'2025-06-10 16:19:03',0,NULL,NULL,NULL,NULL,43),(117,'2025-06-10 16:19:06',1,NULL,NULL,NULL,NULL,42),(118,'2025-06-10 16:19:33',0,NULL,NULL,NULL,NULL,43),(119,'2025-06-10 16:19:38',1,NULL,NULL,NULL,NULL,42),(120,'2025-06-10 16:20:27',1,NULL,NULL,NULL,NULL,44),(121,'2025-06-10 16:26:57',1,NULL,NULL,NULL,NULL,42),(122,'2025-06-10 16:27:19',1,NULL,NULL,NULL,NULL,42),(123,'2025-06-10 16:27:26',0,NULL,NULL,NULL,NULL,43),(124,'2025-06-10 16:29:44',1,NULL,NULL,NULL,NULL,44),(125,'2025-06-10 16:30:13',1,NULL,NULL,NULL,NULL,44),(126,'2025-06-10 16:30:31',1,NULL,NULL,NULL,NULL,44),(127,'2025-06-10 16:30:45',1,NULL,NULL,NULL,NULL,44),(128,'2025-06-10 16:30:55',1,NULL,NULL,NULL,NULL,44),(129,'2025-06-10 16:31:00',1,NULL,NULL,NULL,NULL,44),(130,'2025-06-10 16:31:13',1,NULL,NULL,NULL,NULL,44),(131,'2025-06-10 16:31:22',1,NULL,NULL,NULL,NULL,44),(132,'2025-06-10 16:31:32',1,NULL,NULL,NULL,NULL,44),(133,'2025-06-10 16:31:44',1,NULL,NULL,NULL,NULL,42),(134,'2025-06-10 16:31:59',1,NULL,NULL,NULL,NULL,42),(135,'2025-06-10 16:32:08',1,NULL,NULL,NULL,NULL,42),(136,'2025-06-10 16:32:18',0,NULL,NULL,NULL,NULL,45),(137,'2025-06-10 16:32:26',1,NULL,NULL,NULL,NULL,44),(138,'2025-06-10 16:32:40',1,NULL,NULL,NULL,NULL,42),(139,'2025-06-10 16:33:07',1,NULL,NULL,NULL,NULL,42),(140,'2025-06-10 16:33:38',1,NULL,NULL,NULL,NULL,42),(141,'2025-06-10 16:34:08',1,NULL,NULL,NULL,NULL,42),(142,'2025-06-10 16:34:19',1,NULL,NULL,NULL,NULL,42),(143,'2025-06-10 16:34:30',1,NULL,NULL,NULL,NULL,42),(144,'2025-06-10 16:35:18',1,NULL,NULL,NULL,NULL,42),(145,'2025-06-10 16:35:29',1,NULL,NULL,NULL,NULL,42),(146,'2025-06-10 16:35:44',1,NULL,NULL,NULL,NULL,42),(147,'2025-06-10 16:35:54',1,NULL,NULL,NULL,NULL,42),(148,'2025-06-11 11:42:35',1,NULL,NULL,NULL,NULL,42),(149,'2025-06-11 11:42:47',0,NULL,NULL,NULL,NULL,43),(150,'2025-06-11 11:42:58',1,NULL,NULL,NULL,NULL,44),(151,'2025-06-11 11:43:10',0,NULL,NULL,NULL,NULL,45),(152,'2025-06-11 11:46:45',1,NULL,NULL,NULL,NULL,44),(153,'2025-06-11 11:46:51',0,NULL,NULL,NULL,NULL,43),(154,'2025-06-11 11:46:57',1,NULL,NULL,NULL,NULL,42),(155,'2025-06-11 11:47:03',0,NULL,NULL,NULL,NULL,45),(156,'2025-06-11 11:56:17',1,NULL,NULL,NULL,NULL,42),(157,'2025-06-11 11:56:22',0,NULL,NULL,NULL,NULL,43),(158,'2025-06-11 11:57:17',1,NULL,NULL,NULL,NULL,42),(159,'2025-06-11 11:59:27',1,NULL,NULL,NULL,NULL,42),(160,'2025-06-11 11:59:34',1,NULL,NULL,NULL,NULL,42),(161,'2025-06-11 11:59:41',1,NULL,NULL,NULL,NULL,42),(162,'2025-06-11 11:59:46',1,NULL,NULL,NULL,NULL,42),(163,'2025-06-11 11:59:58',0,NULL,NULL,NULL,NULL,43),(164,'2025-06-11 12:24:02',1,NULL,NULL,NULL,NULL,42),(165,'2025-06-11 12:24:07',1,NULL,NULL,NULL,NULL,42),(166,'2025-06-11 12:24:13',1,NULL,NULL,NULL,NULL,42),(167,'2025-06-11 12:25:53',1,NULL,NULL,NULL,NULL,42),(168,'2025-06-11 12:26:58',1,NULL,NULL,NULL,NULL,42),(169,'2025-06-11 12:27:03',0,NULL,NULL,NULL,NULL,43),(170,'2025-06-11 12:28:41',1,NULL,NULL,NULL,NULL,42),(171,'2025-06-11 12:41:38',1,NULL,NULL,NULL,NULL,42),(172,'2025-06-11 12:45:13',1,NULL,NULL,NULL,NULL,42),(173,'2025-06-11 12:48:41',1,NULL,NULL,NULL,NULL,42),(174,'2025-06-11 12:48:49',0,NULL,NULL,NULL,NULL,45),(175,'2025-06-11 12:49:30',1,NULL,NULL,NULL,NULL,42),(176,'2025-06-11 12:49:48',1,NULL,NULL,NULL,NULL,42),(177,'2025-06-11 13:04:17',1,NULL,NULL,NULL,NULL,42),(178,'2025-06-11 13:04:37',1,NULL,NULL,NULL,NULL,42),(179,'2025-06-11 13:04:55',1,NULL,NULL,NULL,NULL,42),(180,'2025-06-11 13:05:23',1,NULL,NULL,NULL,NULL,42),(181,'2025-06-11 13:08:37',1,NULL,NULL,NULL,NULL,42),(182,'2025-06-11 13:41:09',1,NULL,NULL,NULL,NULL,42),(183,'2025-06-12 10:59:29',1,NULL,NULL,NULL,NULL,44),(184,'2025-06-12 10:59:35',0,NULL,NULL,NULL,NULL,45),(185,'2025-06-12 11:08:41',1,NULL,NULL,NULL,NULL,44),(186,'2025-06-12 11:40:17',1,NULL,NULL,NULL,NULL,44),(187,'2025-06-12 11:43:42',1,NULL,NULL,NULL,NULL,44),(188,'2025-06-12 11:43:49',1,NULL,NULL,NULL,NULL,44),(189,'2025-06-12 11:43:54',0,NULL,NULL,NULL,NULL,45),(190,'2025-06-12 11:44:13',1,NULL,NULL,NULL,NULL,44),(191,'2025-06-12 11:49:28',1,NULL,NULL,NULL,NULL,44),(192,'2025-06-12 11:49:34',1,NULL,NULL,NULL,NULL,44),(193,'2025-06-12 11:49:39',1,NULL,NULL,NULL,NULL,44),(194,'2025-06-12 11:49:44',1,NULL,NULL,NULL,NULL,44),(195,'2025-06-12 11:49:50',1,NULL,NULL,NULL,NULL,44),(196,'2025-06-12 11:49:55',1,NULL,NULL,NULL,NULL,44),(197,'2025-06-12 11:50:01',1,NULL,NULL,NULL,NULL,44),(198,'2025-06-12 11:59:28',1,NULL,NULL,NULL,NULL,42),(199,'2025-06-12 12:25:23',1,NULL,NULL,NULL,NULL,42),(200,'2025-06-12 12:27:34',1,NULL,NULL,NULL,NULL,42),(201,'2025-06-12 12:44:44',1,NULL,NULL,NULL,NULL,42),(202,'2025-06-12 12:50:16',1,NULL,NULL,NULL,NULL,42),(203,'2025-06-12 12:50:28',1,NULL,NULL,NULL,NULL,42),(204,'2025-06-12 12:50:33',1,NULL,NULL,NULL,NULL,42),(205,'2025-06-12 12:50:38',1,NULL,NULL,NULL,NULL,42),(206,'2025-06-12 12:50:46',1,NULL,NULL,NULL,NULL,42),(207,'2025-06-12 12:50:51',1,NULL,NULL,NULL,NULL,42),(208,'2025-06-12 12:50:56',1,NULL,NULL,NULL,NULL,42),(209,'2025-06-12 12:51:02',1,NULL,NULL,NULL,NULL,42),(210,'2025-06-12 12:51:13',1,NULL,NULL,NULL,NULL,42),(211,'2025-06-12 12:51:21',1,NULL,NULL,NULL,NULL,42),(212,'2025-06-12 12:51:54',1,NULL,NULL,NULL,NULL,42),(213,'2025-06-12 12:51:59',1,NULL,NULL,NULL,NULL,42),(214,'2025-06-12 12:52:04',1,NULL,NULL,NULL,NULL,42),(215,'2025-06-12 12:52:12',1,NULL,NULL,NULL,NULL,42),(216,'2025-06-12 12:52:21',1,NULL,NULL,NULL,NULL,42),(217,'2025-06-12 12:52:37',1,NULL,NULL,NULL,NULL,42),(218,'2025-06-12 12:53:14',1,NULL,NULL,NULL,NULL,42),(219,'2025-06-12 12:53:44',1,NULL,NULL,NULL,NULL,42),(220,'2025-06-12 12:53:53',1,NULL,NULL,NULL,NULL,42),(221,'2025-06-12 12:54:06',0,NULL,NULL,NULL,NULL,45),(222,'2025-06-12 12:54:12',0,NULL,NULL,NULL,NULL,43),(223,'2025-06-12 12:54:17',1,NULL,NULL,NULL,NULL,44),(224,'2025-06-12 12:54:23',1,NULL,NULL,NULL,NULL,44),(225,'2025-06-12 12:55:33',1,NULL,NULL,NULL,NULL,42),(226,'2025-06-12 12:55:38',1,NULL,NULL,NULL,NULL,42),(227,'2025-06-12 12:55:43',1,NULL,NULL,NULL,NULL,42),(228,'2025-06-12 12:55:47',1,NULL,NULL,NULL,NULL,42),(229,'2025-06-12 12:55:52',1,NULL,NULL,NULL,NULL,42),(230,'2025-06-12 12:56:24',1,NULL,NULL,NULL,NULL,44),(231,'2025-06-12 12:56:30',1,NULL,NULL,NULL,NULL,44),(232,'2025-06-12 12:56:43',1,NULL,NULL,NULL,NULL,44),(233,'2025-06-12 12:56:48',1,NULL,NULL,NULL,NULL,44),(234,'2025-06-12 12:57:43',1,NULL,NULL,NULL,NULL,42),(235,'2025-06-12 12:58:49',1,NULL,NULL,NULL,NULL,42),(236,'2025-06-12 12:58:58',1,NULL,NULL,NULL,NULL,42),(237,'2025-06-12 12:59:03',1,NULL,NULL,NULL,NULL,42),(238,'2025-06-12 12:59:07',1,NULL,NULL,NULL,NULL,42),(239,'2025-06-12 12:59:16',1,NULL,NULL,NULL,NULL,42),(240,'2025-06-12 12:59:21',1,NULL,NULL,NULL,NULL,42),(241,'2025-06-12 13:00:19',1,NULL,NULL,NULL,NULL,42),(242,'2025-06-12 16:31:02',1,NULL,NULL,NULL,NULL,44),(243,'2025-06-12 16:33:23',1,NULL,NULL,NULL,NULL,44),(244,'2025-06-12 16:33:45',1,NULL,NULL,NULL,NULL,42),(245,'2025-06-12 16:33:51',1,NULL,NULL,NULL,NULL,42),(246,'2025-06-12 16:34:34',1,NULL,NULL,NULL,NULL,44),(247,'2025-06-12 16:35:50',1,NULL,NULL,NULL,NULL,44),(248,'2025-06-12 16:35:59',0,NULL,NULL,NULL,NULL,45),(249,'2025-06-12 16:40:53',1,NULL,NULL,NULL,NULL,44),(250,'2025-06-12 16:40:58',0,NULL,NULL,NULL,NULL,45),(251,'2025-06-12 16:41:02',1,NULL,NULL,NULL,NULL,44),(252,'2025-06-12 16:42:29',1,NULL,NULL,NULL,NULL,44),(253,'2025-06-12 17:07:02',1,NULL,NULL,NULL,NULL,44),(254,'2025-06-12 17:07:27',1,NULL,NULL,NULL,NULL,44),(255,'2025-06-12 17:08:12',1,NULL,NULL,NULL,NULL,42),(256,'2025-06-12 17:08:27',1,NULL,NULL,NULL,NULL,42),(257,'2025-06-12 17:27:02',1,NULL,NULL,NULL,NULL,42),(258,'2025-06-12 17:27:09',0,NULL,NULL,NULL,NULL,43),(259,'2025-06-12 17:27:22',1,NULL,NULL,NULL,NULL,42),(260,'2025-06-12 17:29:50',1,NULL,NULL,NULL,NULL,44),(261,'2025-06-12 17:30:16',1,NULL,NULL,NULL,NULL,44),(262,'2025-06-12 17:43:06',1,NULL,NULL,NULL,NULL,44),(263,'2025-06-12 17:43:11',0,NULL,NULL,NULL,NULL,43),(264,'2025-06-12 17:54:59',1,NULL,NULL,NULL,NULL,42),(265,'2025-06-12 18:03:12',1,NULL,NULL,NULL,NULL,42),(266,'2025-06-13 00:19:57',1,NULL,NULL,NULL,NULL,44),(267,'2025-06-13 00:20:05',1,NULL,NULL,NULL,NULL,44),(268,'2025-06-13 00:20:09',1,NULL,NULL,NULL,NULL,44),(269,'2025-06-13 00:20:50',1,NULL,NULL,NULL,NULL,44),(270,'2025-06-13 00:20:56',1,NULL,NULL,NULL,NULL,44),(271,'2025-06-13 00:21:02',1,NULL,NULL,NULL,NULL,44),(272,'2025-06-13 00:37:05',1,NULL,NULL,NULL,NULL,44),(273,'2025-06-13 01:01:17',1,NULL,NULL,NULL,NULL,44),(274,'2025-06-13 01:02:05',1,NULL,NULL,NULL,NULL,44),(275,'2025-06-13 01:04:08',1,NULL,NULL,NULL,NULL,44),(276,'2025-06-13 01:31:40',1,NULL,NULL,NULL,NULL,44),(277,'2025-06-13 01:33:01',1,NULL,NULL,NULL,NULL,44),(278,'2025-06-13 01:59:11',1,NULL,NULL,NULL,NULL,44),(279,'2025-06-13 01:59:41',1,NULL,NULL,NULL,NULL,44),(280,'2025-06-13 02:03:22',1,NULL,NULL,NULL,NULL,44),(281,'2025-06-13 02:11:24',1,NULL,NULL,NULL,NULL,44),(282,'2025-06-13 02:18:43',1,NULL,NULL,NULL,NULL,44),(283,'2025-06-13 02:21:47',1,NULL,NULL,NULL,NULL,44),(284,'2025-06-13 02:21:57',0,NULL,NULL,NULL,NULL,45),(285,'2025-06-13 02:51:25',0,NULL,NULL,NULL,NULL,45),(286,'2025-06-13 02:51:28',1,NULL,NULL,NULL,NULL,44),(287,'2025-06-13 02:53:48',1,NULL,NULL,NULL,NULL,44),(288,'2025-06-13 02:54:08',0,NULL,NULL,NULL,NULL,45),(289,'2025-06-13 03:07:03',1,NULL,NULL,NULL,NULL,42),(290,'2025-06-13 03:10:56',1,NULL,NULL,NULL,NULL,42),(291,'2025-06-13 03:12:35',1,NULL,NULL,NULL,NULL,42),(292,'2025-06-13 03:13:20',1,NULL,NULL,NULL,NULL,42),(293,'2025-06-13 03:15:31',1,NULL,NULL,NULL,NULL,42),(294,'2025-06-13 03:20:03',1,NULL,NULL,NULL,NULL,42),(295,'2025-06-13 03:24:20',1,NULL,NULL,NULL,NULL,42),(296,'2025-06-13 03:31:11',1,NULL,NULL,NULL,NULL,42),(297,'2025-06-13 03:38:19',1,NULL,NULL,NULL,NULL,42),(298,'2025-06-13 11:07:02',1,NULL,NULL,NULL,NULL,42),(299,'2025-06-13 11:07:12',0,NULL,NULL,NULL,NULL,43),(300,'2025-06-13 12:02:23',1,NULL,NULL,NULL,NULL,42),(301,'2025-06-13 12:02:29',1,NULL,NULL,NULL,NULL,44),(302,'2025-06-13 12:02:37',0,NULL,NULL,NULL,NULL,45),(303,'2025-06-13 12:02:40',0,NULL,NULL,NULL,NULL,43),(304,'2025-06-13 12:39:52',1,NULL,NULL,NULL,NULL,44),(305,'2025-06-13 12:40:01',0,NULL,NULL,NULL,NULL,45),(306,'2025-06-13 12:40:06',1,NULL,NULL,NULL,NULL,42),(307,'2025-06-13 12:40:18',1,NULL,NULL,NULL,NULL,44),(308,'2025-06-13 12:48:09',1,NULL,NULL,NULL,NULL,42),(309,'2025-06-19 15:57:37',1,NULL,NULL,NULL,NULL,44),(310,'2025-06-19 15:57:47',0,NULL,NULL,NULL,NULL,45),(311,'2025-06-19 15:57:51',1,NULL,NULL,NULL,NULL,44);
/*!40000 ALTER TABLE `registro_acceso_rf` ENABLE KEYS */;
UNLOCK TABLES;

--
-- Table structure for table `registro_acceso_web`
--

DROP TABLE IF EXISTS `registro_acceso_web`;
/*!40101 SET @saved_cs_client     = @@character_set_client */;
/*!50503 SET character_set_client = utf8mb4 */;
CREATE TABLE `registro_acceso_web` (
  `ID_Acceso_Web` int NOT NULL AUTO_INCREMENT,
  `Fecha_Hora` datetime NOT NULL,
  `Resultado` tinyint(1) NOT NULL,
  `IP` varchar(39) COLLATE utf8mb4_general_ci NOT NULL,
  `Navegador` varchar(50) COLLATE utf8mb4_general_ci NOT NULL,
  `Dispositivo` varchar(50) COLLATE utf8mb4_general_ci NOT NULL,
  `ID_Usuario` int DEFAULT NULL,
  PRIMARY KEY (`ID_Acceso_Web`),
  KEY `registro_acceso_web_ibfk_1` (`ID_Usuario`),
  CONSTRAINT `registro_acceso_web_ibfk_1` FOREIGN KEY (`ID_Usuario`) REFERENCES `usuario` (`ID_Usuario`)
) ENGINE=InnoDB DEFAULT CHARSET=utf8mb4 COLLATE=utf8mb4_general_ci;
/*!40101 SET character_set_client = @saved_cs_client */;

--
-- Dumping data for table `registro_acceso_web`
--

LOCK TABLES `registro_acceso_web` WRITE;
/*!40000 ALTER TABLE `registro_acceso_web` DISABLE KEYS */;
/*!40000 ALTER TABLE `registro_acceso_web` ENABLE KEYS */;
UNLOCK TABLES;

--
-- Table structure for table `rol`
--

DROP TABLE IF EXISTS `rol`;
/*!40101 SET @saved_cs_client     = @@character_set_client */;
/*!50503 SET character_set_client = utf8mb4 */;
CREATE TABLE `rol` (
  `ID_Rol` int NOT NULL AUTO_INCREMENT,
  `N_Rol` enum('Administrador','Supervisor','Usuario') COLLATE utf8mb4_general_ci NOT NULL,
  PRIMARY KEY (`ID_Rol`)
) ENGINE=InnoDB AUTO_INCREMENT=8 DEFAULT CHARSET=utf8mb4 COLLATE=utf8mb4_general_ci;
/*!40101 SET character_set_client = @saved_cs_client */;

--
-- Dumping data for table `rol`
--

LOCK TABLES `rol` WRITE;
/*!40000 ALTER TABLE `rol` DISABLE KEYS */;
INSERT INTO `rol` VALUES (5,'Administrador'),(6,'Supervisor'),(7,'Usuario');
/*!40000 ALTER TABLE `rol` ENABLE KEYS */;
UNLOCK TABLES;

--
-- Table structure for table `sistema_seguridad`
--

DROP TABLE IF EXISTS `sistema_seguridad`;
/*!40101 SET @saved_cs_client     = @@character_set_client */;
/*!50503 SET character_set_client = utf8mb4 */;
CREATE TABLE `sistema_seguridad` (
  `ID_Sistema` int NOT NULL AUTO_INCREMENT,
  `nombre` varchar(100) COLLATE utf8mb4_general_ci DEFAULT NULL,
  `Nivel` smallint NOT NULL,
  `mac_address` varchar(50) COLLATE utf8mb4_general_ci DEFAULT NULL,
  `estado` varchar(20) COLLATE utf8mb4_general_ci DEFAULT 'activo',
  `usuario_id` int DEFAULT NULL,
  `ID_Rack` int DEFAULT NULL,
  `creado_en` datetime DEFAULT CURRENT_TIMESTAMP,
  `actualizado_en` datetime DEFAULT CURRENT_TIMESTAMP ON UPDATE CURRENT_TIMESTAMP,
  PRIMARY KEY (`ID_Sistema`),
  KEY `ID_Rack` (`ID_Rack`),
  CONSTRAINT `sistema_seguridad_ibfk_1` FOREIGN KEY (`ID_Rack`) REFERENCES `rack` (`ID_Rack`)
) ENGINE=InnoDB AUTO_INCREMENT=8 DEFAULT CHARSET=utf8mb4 COLLATE=utf8mb4_general_ci;
/*!40101 SET character_set_client = @saved_cs_client */;

--
-- Dumping data for table `sistema_seguridad`
--

LOCK TABLES `sistema_seguridad` WRITE;
/*!40000 ALTER TABLE `sistema_seguridad` DISABLE KEYS */;
/*!40000 ALTER TABLE `sistema_seguridad` ENABLE KEYS */;
UNLOCK TABLES;

--
-- Table structure for table `tarjeta_acceso`
--

DROP TABLE IF EXISTS `tarjeta_acceso`;
/*!40101 SET @saved_cs_client     = @@character_set_client */;
/*!50503 SET character_set_client = utf8mb4 */;
CREATE TABLE `tarjeta_acceso` (
  `ID_Tarjeta` int NOT NULL AUTO_INCREMENT,
  `Estado` tinyint(1) NOT NULL,
  `Fecha_emision` timestamp NOT NULL DEFAULT CURRENT_TIMESTAMP,
  `Fecha_Expiracion` date DEFAULT NULL,
  `Intentos_Fallidos` int DEFAULT '0',
  `Horario_Uso` varchar(255) COLLATE utf8mb4_general_ci DEFAULT NULL,
  `UID` varchar(50) COLLATE utf8mb4_general_ci NOT NULL,
  PRIMARY KEY (`ID_Tarjeta`)
) ENGINE=InnoDB AUTO_INCREMENT=48 DEFAULT CHARSET=utf8mb4 COLLATE=utf8mb4_general_ci;
/*!40101 SET character_set_client = @saved_cs_client */;

--
-- Dumping data for table `tarjeta_acceso`
--

LOCK TABLES `tarjeta_acceso` WRITE;
/*!40000 ALTER TABLE `tarjeta_acceso` DISABLE KEYS */;
INSERT INTO `tarjeta_acceso` VALUES (42,1,'2025-06-15 03:00:00',NULL,0,NULL,'0x352d930289 '),(43,0,'2025-06-15 03:00:00',NULL,0,NULL,'0x839df72cc5'),(44,1,'2025-06-15 03:00:00',NULL,0,NULL,'0x2a6a991ac3'),(45,0,'2025-06-15 03:00:00',NULL,0,NULL,'0xaa12e080d8');
/*!40000 ALTER TABLE `tarjeta_acceso` ENABLE KEYS */;
UNLOCK TABLES;

--
-- Table structure for table `usuario`
--

DROP TABLE IF EXISTS `usuario`;
/*!40101 SET @saved_cs_client     = @@character_set_client */;
/*!50503 SET character_set_client = utf8mb4 */;
CREATE TABLE `usuario` (
  `ID_Usuario` int NOT NULL AUTO_INCREMENT,
  `Nombre` varchar(40) COLLATE utf8mb4_general_ci NOT NULL,
  `Contraseña` varchar(255) COLLATE utf8mb4_general_ci NOT NULL,
  `Email` varchar(100) COLLATE utf8mb4_general_ci NOT NULL,
  `Ultimo_Acceso` datetime DEFAULT NULL,
  `ID_Rol` int DEFAULT NULL,
  `ID_Tarjeta` int DEFAULT NULL,
  `Token` varchar(64) COLLATE utf8mb4_general_ci DEFAULT NULL,
  `Verificado` tinyint(1) DEFAULT '0',
  PRIMARY KEY (`ID_Usuario`),
  KEY `ID_Rol` (`ID_Rol`),
  KEY `ID_Tarjeta` (`ID_Tarjeta`),
  CONSTRAINT `usuario_ibfk_1` FOREIGN KEY (`ID_Rol`) REFERENCES `rol` (`ID_Rol`),
  CONSTRAINT `usuario_ibfk_2` FOREIGN KEY (`ID_Tarjeta`) REFERENCES `tarjeta_acceso` (`ID_Tarjeta`)
) ENGINE=InnoDB AUTO_INCREMENT=62 DEFAULT CHARSET=utf8mb4 COLLATE=utf8mb4_general_ci;
/*!40101 SET character_set_client = @saved_cs_client */;

--
-- Dumping data for table `usuario`
--

LOCK TABLES `usuario` WRITE;
/*!40000 ALTER TABLE `usuario` DISABLE KEYS */;
INSERT INTO `usuario` VALUES (8,'Joel Martinez Vilche','$2y$10$GQirBH.eUWP1/pUFQsqDZeQmmHANI3sdeL4rng.67xzO68KMhYm52','Joel@gmail.com','2025-06-19 12:50:22',5,43,NULL,1),(31,'Catriel Garay','$2y$10$q/L7E7p7JoyIgTyNWhPjruHjLbIRu4f3lI1H3Is.oBIVTaTi1AZhi','catrielgaray@alumnos.itr3.edu.ar',NULL,7,44,NULL,1),(53,'Santiago Salgado','$2y$10$FAGrp06tOb/XoEIuEE0l.eSz3HzPX.oCCHEFEy0z86x2TZeK6dEbi','santiagosalgado@alumnos.itr3.edu.ar','2025-06-19 12:40:42',6,45,NULL,1),(58,'Federico Arias','$2y$10$217lVXP.GQnSpDNRPEmYCuvoZyC.cAwi7cenn1kZmwOsH1bSUZc2O','federicoarias@alumnos.itr3.edu.ar','2025-06-19 12:52:50',5,42,NULL,1),(61,'Tomas Tarducci','$2y$10$rVweyXa6Y0W/noBtR0CRH.QWedNOvkinRv8yvaQaC/A0CdG40vS3G','tomastarducci@alumnos.itr3.edu.ar','2025-06-19 12:45:17',7,42,NULL,1);
/*!40000 ALTER TABLE `usuario` ENABLE KEYS */;
UNLOCK TABLES;
/*!40103 SET TIME_ZONE=@OLD_TIME_ZONE */;

/*!40101 SET SQL_MODE=@OLD_SQL_MODE */;
/*!40014 SET FOREIGN_KEY_CHECKS=@OLD_FOREIGN_KEY_CHECKS */;
/*!40014 SET UNIQUE_CHECKS=@OLD_UNIQUE_CHECKS */;
/*!40101 SET CHARACTER_SET_CLIENT=@OLD_CHARACTER_SET_CLIENT */;
/*!40101 SET CHARACTER_SET_RESULTS=@OLD_CHARACTER_SET_RESULTS */;
/*!40101 SET COLLATION_CONNECTION=@OLD_COLLATION_CONNECTION */;
/*!40111 SET SQL_NOTES=@OLD_SQL_NOTES */;

-- Dump completed on 2025-06-19 13:25:40
